Date,Amount,Currency,Original amount,Original Currency,Category,Subcategory,Tags,User,Place
2.1.2023,-42.0,ILS,-42.0,ILS,Transport,Public transport,,Anna,
2.1.2023,-35.0,ILS,-35.0,ILS,Subscriptions,,,Anna,
3.1.2023,-72.0,ILS,-72.0,ILS,Health,Pharmacy,,Anna,
3.1.2023,-31.0,ILS,-31.0,ILS,Groceries,,,Anna,
3.1.2023,-5.5,ILS,-5.5,ILS,Transport,Public transport,,Anna,
3.1.2023,-20.0,ILS,-20.0,ILS,Eating out,,,Anna,
3.1.2023,-425.0,ILS,-425.0,ILS,Clothes,Adult,,Anna,
3.1.2023,-5.5,ILS,-5.5,ILS,Transport,Public transport,,Anna,
4.1.2023,-800.0,ILS,-800.0,ILS,Health,Medical services,,Anna,
4.1.2023,-5.5,ILS,-5.5,ILS,Transport,Public transport,,Anna,
4.1.2023,-97.0,ILS,-97.0,ILS,Eating out,Lunch,,Anna,
4.1.2023,-325.0,ILS,-325.0,ILS,Clothes,Adult,,Anna,
4.1.2023,-35.0,ILS,-35.0,ILS,Eating out,Coffee,,Anna,
4.1.2023,-5.5,ILS,-5.5,ILS,Transport,Public transport,,Anna,
4.1.2023,-15.0,ILS,-15.0,ILS,Groceries,,,Anna,
4.1.2023,-8.0,ILS,-8.0,ILS,Groceries,,,Anna,
5.1.2023,-5.5,ILS,-5.5,ILS,Transport,Public transport,,Anna,
5.1.2023,-5.5,ILS,-5.5,ILS,Transport,Public transport,,Anna,
8.1.2023,-5.5,ILS,-5.5,ILS,Transport,Public transport,,Anna,
8.1.2023,-12.0,ILS,-12.0,ILS,Groceries,,,Anna,
8.1.2023,-5.5,ILS,-5.5,ILS,Transport,Public transport,,Anna,
9.1.2023,-4000.0,ILS,-4000.0,ILS,House,Rent,,Anna,
9.1.2023,16176.0,ILS,16176.0,ILS,Salary,Salary,,Anna,
9.1.2023,-53.0,ILS,-53.0,ILS,Groceries,,,Anna,
9.1.2023,-3500.0,ILS,-3500.0,ILS,Savings,,,Anna,
9.1.2023,-5.5,ILS,-5.5,ILS,Transport,Public transport,,Anna,
9.1.2023,-78.0,ILS,-78.0,ILS,Transport,Taxi,,Anna,
11.1.2023,-51.0,ILS,-51.0,ILS,Subscriptions,,,Anna,
11.1.2023,-156.0,ILS,-156.0,ILS,Eating out,Food delivery,,Anna,
12.1.2023,-100.0,ILS,-100.0,ILS,Eating out,Food delivery,,Anna,
13.1.2023,-5.5,ILS,-5.5,ILS,Transport,Public transport,,Anna,
13.1.2023,-100.0,ILS,-100.0,ILS,Charity,,,Anna,
14.1.2023,-43.0,ILS,-43.0,ILS,Appliances,House appliances,,Anna,
14.1.2023,-80.0,ILS,-80.0,ILS,Eating out,Lunch,,Anna,
14.1.2023,-84.0,ILS,-84.0,ILS,Transport,Taxi,,Anna,
15.1.2023,-38.0,ILS,-38.0,ILS,Health,Pharmacy,,Anna,
15.1.2023,-100.0,ILS,-100.0,ILS,Charity,,,Anna,
15.1.2023,-14.0,ILS,-14.0,ILS,Leisure,Books,,Anna,
16.1.2023,-17.9,ILS,-17.9,ILS,Leisure,Videogames,,Anna,
16.1.2023,-5.5,ILS,-5.5,ILS,Transport,Public transport,,Anna,
16.1.2023,-14.0,ILS,-14.0,ILS,Eating out,Coffee,,Anna,
16.1.2023,-73.0,ILS,-73.0,ILS,Transport,Taxi,,Anna,
17.1.2023,-143.0,ILS,-143.0,ILS,Eating out,Food delivery,,Anna,
18.1.2023,-105.0,ILS,-105.0,ILS,Eating out,Food delivery,,Anna,
18.1.2023,-135.0,ILS,-135.0,ILS,Gifts,,,Anna,
21.1.2023,-60.0,ILS,-60.0,ILS,Groceries,,,Anna,
22.1.2023,-5.5,ILS,-5.5,ILS,Transport,Public transport,,Anna,
22.1.2023,-178.0,ILS,-178.0,ILS,Eating out,Food delivery,,Anna,
23.1.2023,-5.5,ILS,-5.5,ILS,Transport,Public transport,,Anna,
23.1.2023,-52.0,ILS,-52.0,ILS,Groceries,,,Anna,
23.1.2023,-364.0,ILS,-364.0,ILS,Travel,Hotel,,Anna,
24.1.2023,-4.0,ILS,-4.0,ILS,Subscriptions,,,Anna,
24.1.2023,-42.0,ILS,-42.0,ILS,Transport,Public transport,,Anna,
24.1.2023,-182.0,ILS,-182.0,ILS,Health,Medical services,,Anna,
24.1.2023,-64.0,ILS,-64.0,ILS,Eating out,Lunch,,Anna,
24.1.2023,-17.0,ILS,-17.0,ILS,Groceries,,,Anna,
24.1.2023,-60.0,ILS,-60.0,ILS,Eating out,Food delivery,,Anna,
25.1.2023,-42.0,ILS,-42.0,ILS,Transport,Public transport,,Anna,
25.1.2023,-32.0,ILS,-32.0,ILS,Other,,,Anna,
26.1.2023,-31.0,ILS,-31.0,ILS,Health,Insurance,,Anna,
26.1.2023,-118.0,ILS,-118.0,ILS,Groceries,,,Anna,
26.1.2023,-137.0,ILS,-137.0,ILS,Eating out,Food delivery,,Anna,
27.1.2023,-319.0,ILS,-319.0,ILS,Leisure,Videogames,,Anna,
29.1.2023,-36.0,ILS,-36.0,ILS,Health,Pharmacy,,Anna,
29.1.2023,-85.0,ILS,-85.0,ILS,Groceries,,,Anna,
30.1.2023,-12.5,ILS,-12.5,ILS,Transport,Public transport,,Anna,
30.1.2023,-135.0,ILS,-135.0,ILS,Eating out,Lunch,,Anna,
30.1.2023,-40.0,ILS,-40.0,ILS,Transport,Taxi,,Anna,
31.1.2023,-32.0,ILS,-32.0,ILS,Subscriptions,,,Anna,
1.2.2023,-105.0,ILS,-105.0,ILS,Eating out,Food delivery,,Anna,
1.2.2023,-34.0,ILS,-34.0,ILS,Subscriptions,,,Anna,
2.2.2023,-257.0,ILS,-257.0,ILS,Eating out,Food delivery,,Anna,
3.2.2023,-5.5,ILS,-5.5,ILS,Transport,Public transport,,Anna,
3.2.2023,-100.0,ILS,-100.0,ILS,Leisure,Museums,,Anna,
3.2.2023,-5.5,ILS,-5.5,ILS,Transport,Public transport,,Anna,
5.2.2023,-40.0,ILS,-40.0,ILS,Groceries,,,Anna,
5.2.2023,-43.0,ILS,-43.0,ILS,Groceries,,,Anna,
6.2.2023,-5.5,ILS,-5.5,ILS,Transport,Public transport,,Anna,
7.2.2023,-76.0,ILS,-76.0,ILS,Health,Pharmacy,,Anna,
7.2.2023,-5.5,ILS,-5.5,ILS,Transport,Public transport,,Anna,
7.2.2023,-12.0,ILS,-12.0,ILS,Groceries,,,Anna,
9.2.2023,-4000.0,ILS,-4000.0,ILS,House,Rent,,Anna,
9.2.2023,-204.0,ILS,-204.0,ILS,Eating out,Food delivery,,Anna,
11.2.2023,-53.0,ILS,-53.0,ILS,Subscriptions,,,Anna,
12.2.2023,5528.0,ILS,5528.0,ILS,Benefit,,,Anna,
13.2.2023,-42.0,ILS,-42.0,ILS,Transport,Public transport,,Anna,
13.2.2023,-64.0,ILS,-64.0,ILS,Eating out,Lunch,,Anna,
13.2.2023,-50.0,ILS,-50.0,ILS,Eating out,Lunch,,Anna,
13.2.2023,-105.0,ILS,-105.0,ILS,Other,,,Anna,
13.2.2023,-60.0,ILS,-60.0,ILS,Transport,Taxi,,Anna,
14.2.2023,-135.0,ILS,-135.0,ILS,Eating out,Food delivery,,Anna,
16.2.2023,-216.0,ILS,-216.0,ILS,Eating out,Food delivery,,Anna,
16.2.2023,-129.0,ILS,-129.0,ILS,Groceries,,,Anna,
16.2.2023,-278.43,ILS,-278.43,ILS,Gifts,,,Anna,
20.2.2023,-5.5,ILS,-5.5,ILS,Transport,Public transport,,Anna,
20.2.2023,-132.0,ILS,-132.0,ILS,Groceries,,,Anna,
21.2.2023,-119.0,ILS,-119.0,ILS,Eating out,Food delivery,,Anna,
22.2.2023,-48.0,ILS,-48.0,ILS,Other,,,Anna,
23.2.2023,-62.0,ILS,-62.0,ILS,Groceries,,,Anna,
25.2.2023,-18.0,ILS,-18.0,ILS,Leisure,Books,,Anna,
25.2.2023,-153.0,ILS,-153.0,ILS,Eating out,Food delivery,,Anna,
26.2.2023,-132.0,ILS,-132.0,ILS,Groceries,,,Anna,
26.2.2023,-5.5,ILS,-5.5,ILS,Transport,Public transport,,Anna,
26.2.2023,-5.5,ILS,-5.5,ILS,Transport,Public transport,,Anna,
27.2.2023,-130.0,ILS,-130.0,ILS,Eating out,Food delivery,,Anna,
28.2.2023,-193.0,ILS,-193.0,ILS,Health,Medical services,,Anna,
28.2.2023,-300.0,ILS,-300.0,ILS,Leisure,Videogames,,Anna,
1.3.2023,-72.5,ILS,-72.5,ILS,Groceries,,,Anna,
1.3.2023,-18.0,ILS,-18.0,ILS,Subscriptions,,,Anna,
3.3.2023,-5.5,ILS,-5.5,ILS,Transport,Public transport,,Anna,
3.3.2023,-24.0,ILS,-24.0,ILS,Groceries,,,Anna,
3.3.2023,-5.5,ILS,-5.5,ILS,Transport,Public transport,,Anna,
5.3.2023,-105.0,ILS,-105.0,ILS,Groceries,,,Anna,
6.3.2023,-10.3,ILS,-10.3,ILS,Groceries,,,Anna,
6.3.2023,-400.0,ILS,-400.0,ILS,Health,Medical services,,Anna,
6.3.2023,-178.0,ILS,-178.0,ILS,Eating out,Food delivery,,Anna,
7.3.2023,-20.0,ILS,-20.0,ILS,Subscriptions,,,Anna,
7.3.2023,-42.0,ILS,-42.0,ILS,Transport,Public transport,,Anna,
7.3.2023,-13.0,ILS,-13.0,ILS,Groceries,,,Anna,
7.3.2023,-19.0,ILS,-19.0,ILS,Groceries,,,Anna,
8.3.2023,-140.0,ILS,-140.0,ILS,Eating out,Food delivery,,Anna,
9.3.2023,-4000.0,ILS,-4000.0,ILS,House,Rent,,Anna,
9.3.2023,-121.0,ILS,-121.0,ILS,Groceries,,,Anna,
11.3.2023,-54.0,ILS,-54.0,ILS,Subscriptions,,,Anna,
12.3.2023,-185.0,ILS,-185.0,ILS,Health,Insurance,,Anna,
12.3.2023,-144.0,ILS,-144.0,ILS,,,,Anna,
12.3.2023,7804.0,ILS,7804.0,ILS,Benefit,,,Anna,
13.3.2023,-9.0,ILS,-9.0,ILS,Transport,Public transport,,Anna,
13.3.2023,-52.0,ILS,-52.0,ILS,Groceries,,,Anna,
13.3.2023,-47.0,ILS,-47.0,ILS,Groceries,,,Anna,
13.3.2023,-8.0,ILS,-8.0,ILS,Eating out,Lunch,,Anna,
13.3.2023,-75.0,ILS,-75.0,ILS,Transport,Taxi,,Anna,
13.3.2023,-394.0,ILS,-394.0,ILS,Beauty,Cosmetics,,Anna,
13.3.2023,-53.0,ILS,-53.0,ILS,Eating out,Coffee,,Anna,
13.3.2023,-104.0,ILS,-104.0,ILS,Transport,Taxi,,Anna,
14.3.2023,-94.0,ILS,-94.0,ILS,Health,Pharmacy,,Anna,
14.3.2023,-6.0,ILS,-6.0,ILS,Groceries,,,Anna,
15.3.2023,-77.0,ILS,-77.0,ILS,Eating out,Food delivery,,Anna,
16.3.2023,-5.5,ILS,-5.5,ILS,Transport,Public transport,,Anna,
23.3.2023,-131.0,ILS,-131.0,ILS,Eating out,Food delivery,,Anna,
24.3.2023,-198.0,ILS,-198.0,ILS,Eating out,Food delivery,,Anna,
26.3.2023,-190.53,ILS,-190.53,ILS,Groceries,,,Anna,
27.3.2023,-38.0,ILS,-38.0,ILS,Health,Pharmacy,,Anna,
27.3.2023,-5.5,ILS,-5.5,ILS,Transport,Public transport,,Anna,
27.3.2023,-36.0,ILS,-36.0,ILS,Leisure,Videogames,,Anna,
28.3.2023,-20.0,ILS,-20.0,ILS,Subscriptions,,,Anna,
30.3.2023,-121.0,ILS,-121.0,ILS,Eating out,Food delivery,,Anna,
30.3.2023,-317.0,ILS,-317.0,ILS,Gifts,,,Anna,
31.3.2023,-42.0,ILS,-42.0,ILS,Transport,Public transport,,Anna,
1.4.2023,-164.0,ILS,-164.0,ILS,Eating out,Food delivery,,Anna,
1.4.2023,-18.0,ILS,-18.0,ILS,Leisure,Books,,Anna,
2.4.2023,-207.0,ILS,-207.0,ILS,Groceries,,,Anna,
2.4.2023,-9.0,ILS,-9.0,ILS,Groceries,,,Anna,
3.4.2023,5203.0,ILS,5203.0,ILS,Benefit,,,Anna,
3.4.2023,-11.0,ILS,-11.0,ILS,Groceries,,,Anna,
3.4.2023,-14.0,ILS,-14.0,ILS,Groceries,,,Anna,
3.4.2023,-20.0,ILS,-20.0,ILS,Leisure,Books,,Anna,
4.4.2023,-750.0,ILS,-750.0,ILS,Leisure,"Cinema, theater, concerts",,Anna,
4.4.2023,-5.5,ILS,-5.5,ILS,Transport,Public transport,,Anna,
4.4.2023,-5.5,ILS,-5.5,ILS,Transport,Public transport,,Anna,
8.4.2023,-70.0,ILS,-70.0,ILS,Transport,Taxi,,Anna,
8.4.2023,-20.0,ILS,-20.0,ILS,Leisure,Activities,,Anna,
9.4.2023,-4000.0,ILS,-4000.0,ILS,House,Rent,,Anna,
9.4.2023,-75.0,ILS,-75.0,ILS,Eating out,Food delivery,,Anna,
10.4.2023,-20.0,ILS,-20.0,ILS,Subscriptions,,,Anna,
10.4.2023,-111.0,ILS,-111.0,ILS,Health,Medical services,,Anna,
10.4.2023,-20.0,ILS,-20.0,ILS,Leisure,Books,,Anna,
11.4.2023,-5.5,ILS,-5.5,ILS,Transport,Public transport,,Anna,
11.4.2023,-55.0,ILS,-55.0,ILS,Subscriptions,,,Anna,
11.4.2023,-17.6,ILS,-17.6,ILS,Groceries,,,Anna,
12.4.2023,-262.0,ILS,-262.0,ILS,Eating out,Food delivery,,Anna,
13.4.2023,-186.0,ILS,-186.0,ILS,Health,Insurance,,Anna,
13.4.2023,-5.5,ILS,-5.5,ILS,Transport,Public transport,,Anna,
13.4.2023,-94.0,ILS,-94.0,ILS,Leisure,Museums,,Anna,
13.4.2023,-5.5,ILS,-5.5,ILS,Transport,Public transport,,Anna,
13.4.2023,-187.0,ILS,-187.0,ILS,Eating out,Food delivery,,Anna,
13.4.2023,102.0,ILS,102.0,ILS,Refund,,,Anna,
14.4.2023,-92.0,ILS,-92.0,ILS,Pets,Pet food,,Anna,
16.4.2023,-162.0,ILS,-162.0,ILS,Health,Pharmacy,,Anna,
16.4.2023,-37.0,ILS,-37.0,ILS,Hygiene,,,Anna,
17.4.2023,-137.0,ILS,-137.0,ILS,Eating out,Food delivery,,Anna,
17.4.2023,-158.0,ILS,-158.0,ILS,Groceries,,,Anna,
18.4.2023,-38.0,ILS,-38.0,ILS,Health,Pharmacy,,Anna,
18.4.2023,-14.0,ILS,-14.0,ILS,Groceries,,,Anna,
18.4.2023,-27.0,ILS,-27.0,ILS,Groceries,,,Anna,
19.4.2023,-79.0,ILS,-79.0,ILS,Leisure,Videogames,,Anna,
21.4.2023,-5.5,ILS,-5.5,ILS,Transport,Public transport,,Anna,
21.4.2023,-44.0,ILS,-44.0,ILS,Eating out,Lunch,,Anna,
21.4.2023,-5.5,ILS,-5.5,ILS,Transport,Public transport,,Anna,
22.4.2023,-49.0,ILS,-49.0,ILS,Groceries,,,Anna,
23.4.2023,-113.0,ILS,-113.0,ILS,Health,Medical services,,Anna,
24.4.2023,-31.0,ILS,-31.0,ILS,Health,Insurance,,Anna,
24.4.2023,-38.0,ILS,-38.0,ILS,Groceries,,,Anna,
24.4.2023,-127.0,ILS,-127.0,ILS,Eating out,Food delivery,,Anna,
25.4.2023,-4.0,ILS,-4.0,ILS,Subscriptions,,,Anna,
25.4.2023,-19.0,ILS,-19.0,ILS,Groceries,,,Anna,
25.4.2023,-14.0,ILS,-14.0,ILS,Leisure,Books,,Anna,
26.4.2023,-14.0,ILS,-14.0,ILS,Other,,,Anna,
28.4.2023,-54.0,ILS,-54.0,ILS,Travel,Insurance,,Anna,
28.4.2023,-5.5,ILS,-5.5,ILS,Transport,Public transport,,Anna,
28.4.2023,-100.0,ILS,-100.0,ILS,Clothes,Accesories,,Anna,
28.4.2023,-20.0,ILS,-20.0,ILS,Eating out,Lunch,,Anna,
28.4.2023,-5.5,ILS,-5.5,ILS,Transport,Public transport,,Anna,
28.4.2023,-14.0,ILS,-14.0,ILS,Leisure,Books,,Anna,
29.4.2023,-176.0,ILS,-176.0,ILS,Eating out,Food delivery,,Anna,
30.4.2023,-38.0,ILS,-38.0,ILS,Groceries,,,Anna,
30.4.2023,-30.0,ILS,-30.0,ILS,Groceries,,,Anna,
30.4.2023,-36.0,ILS,-36.0,ILS,Groceries,,,Anna,
1.5.2023,-5.5,ILS,-5.5,ILS,Transport,Public transport,,Anna,
1.5.2023,-40.0,ILS,-40.0,ILS,House,Furniture,,Anna,
1.5.2023,-59.0,ILS,-59.0,ILS,Eating out,Lunch,,Anna,
1.5.2023,-5.5,ILS,-5.5,ILS,Transport,Public transport,,Anna,
1.5.2023,-20.0,ILS,-20.0,ILS,Groceries,,,Anna,
1.5.2023,-18.0,ILS,-18.0,ILS,Subscriptions,,,Anna,
2.5.2023,-68.0,ILS,-68.0,ILS,Travel,,,Anna,
3.5.2023,-109.5,ILS,-109.5,ILS,Transport,Taxi,,Anna,
3.5.2023,-51.0,ILS,-51.0,ILS,Eating out,Fast food,,Anna,
5.5.2023,-20.0,ILS,-20.0,ILS,Leisure,Books,,Anna,
7.5.2023,-20.0,ILS,-20.0,ILS,Subscriptions,,,Anna,
7.5.2023,-113.0,ILS,-113.0,ILS,Health,Medical services,,Anna,
7.5.2023,-126.0,ILS,-126.0,ILS,Eating out,Food delivery,,Anna,
8.5.2023,-5.5,ILS,-5.5,ILS,Transport,Public transport,,Anna,
9.5.2023,-4000.0,ILS,-4000.0,ILS,House,Rent,,Anna,
9.5.2023,-45.0,ILS,-45.0,ILS,Groceries,,,Anna,
9.5.2023,-33.0,ILS,-33.0,ILS,Groceries,,,Anna,
10.5.2023,-5.5,ILS,-5.5,ILS,Transport,Public transport,,Anna,
10.5.2023,-13.0,ILS,-13.0,ILS,Groceries,,,Anna,
10.5.2023,-160.0,ILS,-160.0,ILS,Eating out,Food delivery,,Anna,
11.5.2023,-187.0,ILS,-187.0,ILS,Health,Insurance,,Anna,
11.5.2023,-55.0,ILS,-55.0,ILS,Subscriptions,,,Anna,
12.5.2023,-5.5,ILS,-5.5,ILS,Transport,Public transport,,Anna,
12.5.2023,8130.0,ILS,8130.0,ILS,Benefit,,,Anna,
12.5.2023,-223.0,ILS,-223.0,ILS,Eating out,Food delivery,,Anna,
12.5.2023,-270.0,ILS,-270.0,ILS,Leisure,Videogames,,Anna,
14.5.2023,-99.0,ILS,-99.0,ILS,Groceries,,,Anna,
14.5.2023,-81.0,ILS,-81.0,ILS,Eating out,Food delivery,,Anna,
15.5.2023,-5.5,ILS,-5.5,ILS,Transport,Public transport,,Anna,
15.5.2023,-19.0,ILS,-19.0,ILS,Transport,Taxi,,Anna,
15.5.2023,-854.0,ILS,-854.0,ILS,Gifts,,,Anna,
16.5.2023,-114.0,ILS,-114.0,ILS,Health,Pharmacy,,Anna,
16.5.2023,-69.0,ILS,-69.0,ILS,Groceries,,,Anna,
19.5.2023,-136.0,ILS,-136.0,ILS,Eating out,Food delivery,,Anna,
19.5.2023,-102.0,ILS,-102.0,ILS,Clothes,Adult,,Anna,
19.5.2023,-36.0,ILS,-36.0,ILS,Leisure,Hobbies,,Anna,
21.5.2023,-109.0,ILS,-109.0,ILS,Health,Medical services,,Anna,
21.5.2023,-33.8,ILS,-33.8,ILS,Groceries,,,Anna,
21.5.2023,-40.0,ILS,-40.0,ILS,Other,,,Anna,
22.5.2023,-5.5,ILS,-5.5,ILS,Transport,Public transport,,Anna,
23.5.2023,-85.0,ILS,-85.0,ILS,Eating out,Food delivery,,Anna,
23.5.2023,-122.0,ILS,-122.0,ILS,Eating out,Food delivery,,Anna,
25.5.2023,-4.0,ILS,-4.0,ILS,Subscriptions,,,Anna,
25.5.2023,-5.5,ILS,-5.5,ILS,Transport,Public transport,,Anna,
25.5.2023,-25.0,ILS,-25.0,ILS,Eating out,Coffee,,Anna,
25.5.2023,-25.0,ILS,-25.0,ILS,Eating out,Lunch,,Anna,
25.5.2023,-5.5,ILS,-5.5,ILS,Transport,Public transport,,Anna,
26.5.2023,-49.0,ILS,-49.0,ILS,Groceries,,,Anna,
28.5.2023,-1200.0,ILS,-1200.0,ILS,Health,Medical services,,Anna,
28.5.2023,-100.0,ILS,-100.0,ILS,Health,Sport,,Anna,
28.5.2023,-128.0,ILS,-128.0,ILS,Eating out,Food delivery,,Anna,
29.5.2023,-5.5,ILS,-5.5,ILS,Transport,Public transport,,Anna,
29.5.2023,-58.0,ILS,-58.0,ILS,Hygiene,,,Anna,
29.5.2023,-42.0,ILS,-42.0,ILS,Groceries,,,Anna,
30.5.2023,-31.43,ILS,-31.43,ILS,Health,Insurance,,Anna,
30.5.2023,-5.5,ILS,-5.5,ILS,Transport,Public transport,,Anna,
30.5.2023,-74.0,ILS,-74.0,ILS,Groceries,,,Anna,
30.5.2023,-73.0,ILS,-73.0,ILS,Groceries,,,Anna,
30.5.2023,-180.0,ILS,-180.0,ILS,Leisure,"Cinema, theater, concerts",,Anna,
31.5.2023,-146.0,ILS,-146.0,ILS,Groceries,,,Anna,
1.6.2023,-19.37,ILS,-19.37,ILS,Subscriptions,,,Anna,
1.6.2023,-32.0,ILS,-32.0,ILS,Subscriptions,,,Anna,
1.6.2023,100.0,ILS,100.0,ILS,Part-time job,,,Anna,
2.6.2023,-134.0,ILS,-134.0,ILS,Eating out,Food delivery,,Anna,
3.6.2023,-200.0,ILS,-200.0,ILS,Leisure,Museums,,Anna,
4.6.2023,-112.0,ILS,-112.0,ILS,Health,Medical services,,Anna,
4.6.2023,-104.0,ILS,-104.0,ILS,Eating out,Food delivery,,Anna,
4.6.2023,-5.5,ILS,-5.5,ILS,Transport,Public transport,,Anna,
4.6.2023,-5.5,ILS,-5.5,ILS,Transport,Public transport,,Anna,
5.6.2023,-107.0,ILS,-107.0,ILS,Transport,Taxi,,Anna,
6.6.2023,-240.0,ILS,-240.0,ILS,Groceries,,,Anna,
6.6.2023,-250.0,ILS,-250.0,ILS,Other,,,Anna,
6.6.2023,-5.5,ILS,-5.5,ILS,Transport,Public transport,,Anna,
6.6.2023,-22.0,ILS,-22.0,ILS,Groceries,,,Anna,
6.6.2023,-5.5,ILS,-5.5,ILS,Transport,Public transport,,Anna,
7.6.2023,-20.0,ILS,-20.0,ILS,Subscriptions,,,Anna,
7.6.2023,-5.5,ILS,-5.5,ILS,Transport,Public transport,,Anna,
7.6.2023,-5.5,ILS,-5.5,ILS,Transport,Public transport,,Anna,
8.6.2023,-5.5,ILS,-5.5,ILS,Transport,Public transport,,Anna,
8.6.2023,-61.0,ILS,-61.0,ILS,Eating out,Lunch,,Anna,
8.6.2023,-74.0,ILS,-74.0,ILS,Transport,Taxi,,Anna,
9.6.2023,-4000.0,ILS,-4000.0,ILS,House,Rent,,Anna,
10.6.2023,-237.0,ILS,-237.0,ILS,Eating out,Food delivery,,Anna,
10.6.2023,1000.0,ILS,1000.0,ILS,Gifts,,,Anna,
11.6.2023,-188.0,ILS,-188.0,ILS,Health,Insurance,,Anna,
11.6.2023,-216.0,ILS,-216.0,ILS,Health,Pharmacy,,Anna,
11.6.2023,-72.0,ILS,-72.0,ILS,Groceries,,,Anna,
11.6.2023,-41.0,ILS,-41.0,ILS,Groceries,,,Anna,
12.6.2023,-54.0,ILS,-54.0,ILS,Subscriptions,,,Anna,
12.6.2023,-80.0,ILS,-80.0,ILS,Eating out,Food delivery,,Anna,
13.6.2023,-9.4,ILS,-9.4,ILS,Groceries,,,Anna,
13.6.2023,-75.0,ILS,-75.0,ILS,Health,Pharmacy,,Anna,
13.6.2023,-69.0,ILS,-69.0,ILS,Groceries,,,Anna,
13.6.2023,-150.0,ILS,-150.0,ILS,Health,Sport,,Anna,
13.6.2023,5854.0,ILS,5854.0,ILS,Benefit,,,Anna,
14.6.2023,-36.0,ILS,-36.0,ILS,Groceries,,,Anna,
14.6.2023,-183.0,ILS,-183.0,ILS,Eating out,Food delivery,,Anna,
15.6.2023,-5.5,ILS,-5.5,ILS,Transport,Public transport,,Anna,
15.6.2023,-14.0,ILS,-14.0,ILS,Groceries,,,Anna,
18.6.2023,-108.0,ILS,-108.0,ILS,Health,Medical services,,Anna,
18.6.2023,-5.5,ILS,-5.5,ILS,Transport,Public transport,,Anna,
18.6.2023,-5.5,ILS,-5.5,ILS,Transport,Public transport,,Anna,
20.6.2023,-5.5,ILS,-5.5,ILS,Transport,Public transport,,Anna,
20.6.2023,-40.0,ILS,-40.0,ILS,Eating out,Lunch,,Anna,
20.6.2023,-5.5,ILS,-5.5,ILS,Transport,Public transport,,Anna,
22.6.2023,-5.5,ILS,-5.5,ILS,Transport,Public transport,,Anna,
25.6.2023,-4.0,ILS,-4.0,ILS,Subscriptions,,,Anna,
25.6.2023,-45.7,ILS,-45.7,ILS,Health,Pharmacy,,Anna,
25.6.2023,-50.0,ILS,-50.0,ILS,Groceries,,,Anna,
26.6.2023,-129.0,ILS,-129.0,ILS,House,,,Anna,
27.6.2023,-30.0,ILS,-30.0,ILS,Leisure,Hobbies,,Anna,
29.6.2023,-5.5,ILS,-5.5,ILS,Transport,Public transport,,Anna,
29.6.2023,-60.0,ILS,-60.0,ILS,Clothes,Adult,,Anna,
29.6.2023,-160.0,ILS,-160.0,ILS,Clothes,Adult,,Anna,
29.6.2023,-5.5,ILS,-5.5,ILS,Transport,Public transport,,Anna,
29.6.2023,-23.0,ILS,-23.0,ILS,Groceries,,,Anna,
30.6.2023,-74.0,ILS,-74.0,ILS,Other,,,Anna,
30.6.2023,-87.0,ILS,-87.0,ILS,Transport,Taxi,,Anna,
1.7.2023,-32.0,ILS,-32.0,ILS,Subscriptions,,,Anna,
1.7.2023,-18.55,ILS,-5.0,USD,Subscriptions,,,Anna,
1.7.2023,-149.0,ILS,-149.0,ILS,Subscriptions,,,Anna,
1.7.2023,-112.0,ILS,-112.0,ILS,Health,Medical services,,Anna,
2.7.2023,-5.5,ILS,-5.5,ILS,Transport,Public transport,,Anna,
2.7.2023,-5.5,ILS,-5.5,ILS,Transport,Public transport,,Anna,
3.7.2023,-5.5,ILS,-5.5,ILS,Transport,Public transport,,Anna,
4.7.2023,724.0,ILS,724.0,ILS,Gifts,,,Anna,
4.7.2023,-23.0,ILS,-23.0,ILS,Hygiene,,,Anna,
4.7.2023,-142.0,ILS,-142.0,ILS,Hygiene,,,Anna,
4.7.2023,-39.0,ILS,-39.0,ILS,Groceries,,,Anna,
4.7.2023,-20.0,ILS,-20.0,ILS,Groceries,,,Anna,
6.7.2023,-39.0,ILS,-39.0,ILS,Groceries,,,Anna,
6.7.2023,-13.0,ILS,-13.0,ILS,Groceries,,,Anna,
7.7.2023,-20.0,ILS,-20.0,ILS,Subscriptions,,,Anna,
8.7.2023,-12.0,ILS,-12.0,ILS,Groceries,,,Anna,
9.7.2023,-4000.0,ILS,-4000.0,ILS,House,Rent,,Anna,
9.7.2023,-177.0,ILS,-177.0,ILS,Groceries,,,Anna,
9.7.2023,-25.0,ILS,-25.0,ILS,Groceries,,,Anna,
9.7.2023,-5.2,ILS,-5.2,ILS,Groceries,,,Anna,
10.7.2023,-188.0,ILS,-188.0,ILS,Health,Insurance,,Anna,
10.7.2023,-42.0,ILS,-42.0,ILS,Transport,Public transport,,Anna,
10.7.2023,700.0,ILS,700.0,ILS,Refund,,,Anna,
10.7.2023,-59.0,ILS,-59.0,ILS,Groceries,,,Anna,
10.7.2023,-70.0,ILS,-70.0,ILS,Health,Pharmacy,,Anna,
11.7.2023,-65.0,ILS,-65.0,ILS,Groceries,,,Anna,
11.7.2023,-28.0,ILS,-28.0,ILS,Groceries,,,Anna,
12.7.2023,-54.71,ILS,-15.0,USD,Subscriptions,,,Anna,
12.7.2023,-113.0,ILS,-113.0,ILS,Groceries,,,Anna,
13.7.2023,-5.5,ILS,-5.5,ILS,Transport,Public transport,,Anna,
13.7.2023,-242.0,ILS,-242.0,ILS,Eating out,Lunch,,Anna,
13.7.2023,-5.5,ILS,-5.5,ILS,Transport,Public transport,,Anna,
15.7.2023,-112.26,ILS,-112.26,ILS,Health,Medical services,,Anna,
16.7.2023,-13.0,ILS,-13.0,ILS,Groceries,,,Anna,
16.7.2023,-22.0,ILS,-22.0,ILS,Groceries,,,Anna,
16.7.2023,-22.0,ILS,-22.0,ILS,Groceries,,,Anna,
16.7.2023,600.0,ILS,600.0,ILS,Other,,,Anna,
19.7.2023,-123.0,ILS,-123.0,ILS,Groceries,,,Anna,
21.7.2023,-5.5,ILS,-5.5,ILS,Transport,Public transport,,Anna,
21.7.2023,-33.0,ILS,-33.0,ILS,Eating out,Coffee,,Anna,
21.7.2023,-5.5,ILS,-5.5,ILS,Transport,Public transport,,Anna,
21.7.2023,-45.0,ILS,-45.0,ILS,Groceries,,,Anna,
22.7.2023,-8.0,ILS,-8.0,ILS,Groceries,,,Anna,
23.7.2023,-15.0,ILS,-15.0,ILS,Leisure,Books,,Anna,
24.7.2023,-5.5,ILS,-5.5,ILS,Transport,Public transport,,Anna,
24.7.2023,-120.0,ILS,-120.0,ILS,Health,Pharmacy,,Anna,
24.7.2023,-23.9,ILS,-23.9,ILS,Hygiene,,,Anna,
24.7.2023,-53.0,ILS,-53.0,ILS,Groceries,,,Anna,
24.7.2023,-56.0,ILS,-56.0,ILS,Groceries,,,Anna,
25.7.2023,-4.0,ILS,-4.0,ILS,Subscriptions,,,Anna,
25.7.2023,-109.0,ILS,-109.0,ILS,Gifts,,,Anna,
26.7.2023,-21.2,ILS,-21.2,ILS,Groceries,,,Anna,
26.7.2023,-22.0,ILS,-22.0,ILS,Groceries,,,Anna,
26.7.2023,17.0,ILS,17.0,ILS,Refund,,,Anna,
29.7.2023,-112.0,ILS,-112.0,ILS,Health,Medical services,,Anna,
31.7.2023,-47.5,ILS,-47.5,ILS,Health,Pharmacy,,Anna,
31.7.2023,-49.0,ILS,-49.0,ILS,Groceries,,,Anna,
31.7.2023,-116.0,ILS,-116.0,ILS,Leisure,Hobbies,,Anna,
1.8.2023,-32.0,ILS,-32.0,ILS,Subscriptions,,,Anna,
1.8.2023,-18.18,ILS,-5.0,USD,Subscriptions,,,Anna,
2.8.2023,-111.0,ILS,-111.0,ILS,Other,,,Anna,
5.8.2023,-100.0,ILS,-100.0,ILS,Groceries,,,Anna,
7.8.2023,-20.0,ILS,-20.0,ILS,Subscriptions,,,Anna,
7.8.2023,-179.0,ILS,-179.0,ILS,Groceries,,,Anna,
7.8.2023,-32.0,ILS,-32.0,ILS,Other,,,Anna,
8.8.2023,-5.5,ILS,-5.5,ILS,Transport,Public transport,,Anna,
8.8.2023,-5.5,ILS,-5.5,ILS,Transport,Public transport,,Anna,
9.8.2023,-4000.0,ILS,-4000.0,ILS,House,Rent,,Anna,
9.8.2023,-184.0,ILS,-184.0,ILS,Eating out,Food delivery,,Anna,
10.8.2023,-188.0,ILS,-188.0,ILS,Health,Insurance,,Anna,
10.8.2023,-9.0,ILS,-9.0,ILS,Etsy,Package,,Anna,
10.8.2023,700.0,ILS,700.0,ILS,Refund,,,Anna,
10.8.2023,-7.0,ILS,-7.0,ILS,Leisure,Videogames,,Anna,
10.8.2023,-42.0,ILS,-42.0,ILS,Transport,Public transport,,Anna,
10.8.2023,-59.0,ILS,-59.0,ILS,Eating out,Lunch,,Anna,
11.8.2023,-10.0,ILS,-10.0,ILS,Etsy,Post,,Anna,
12.8.2023,-55.91,ILS,-15.0,USD,Subscriptions,,,Anna,
13.8.2023,-5.5,ILS,-5.5,ILS,Transport,Public transport,,Anna,
13.8.2023,-5.5,ILS,-5.5,ILS,Transport,Public transport,,Anna,
14.8.2023,-5.5,ILS,-5.5,ILS,Transport,Public transport,,Anna,
14.8.2023,-25.0,ILS,-25.0,ILS,Eating out,Lunch,,Anna,
14.8.2023,-5.5,ILS,-5.5,ILS,Transport,Public transport,,Anna,
14.8.2023,-105.0,ILS,-105.0,ILS,Eating out,Food delivery,,Anna,
16.8.2023,-43.4,ILS,-43.4,ILS,Groceries,,,Anna,
16.8.2023,-81.0,ILS,-81.0,ILS,Groceries,,,Anna,
16.8.2023,-10.0,ILS,-10.0,ILS,Groceries,,,Anna,
16.8.2023,20.0,ILS,20.0,ILS,Part-time job,,,Anna,
16.8.2023,-308.0,ILS,-308.0,ILS,Etsy,Printing,,Anna,
17.8.2023,-5.5,ILS,-5.5,ILS,Transport,Public transport,,Anna,
17.8.2023,-12.0,ILS,-12.0,ILS,Eating out,Coffee,,Anna,
17.8.2023,-5.5,ILS,-5.5,ILS,Transport,Public transport,,Anna,
18.8.2023,-5.5,ILS,-5.5,ILS,Transport,Public transport,,Anna,
18.8.2023,-5.5,ILS,-5.5,ILS,Transport,Public transport,,Anna,
21.8.2023,-5.5,ILS,-5.5,ILS,Transport,Public transport,,Anna,
21.8.2023,-53.0,ILS,-53.0,ILS,Transport,Taxi,,Anna,
21.8.2023,-361.0,ILS,-361.0,ILS,Eating out,Restaurant,,Anna,
22.8.2023,-24.8,ILS,-24.8,ILS,Hygiene,,,Anna,
22.8.2023,-41.8,ILS,-41.8,ILS,Groceries,,,Anna,
22.8.2023,-500.0,ILS,-500.0,ILS,Health,Pharmacy,,Anna,
24.8.2023,-90.0,ILS,-90.0,ILS,Eating out,Food delivery,,Anna,
25.8.2023,-4.0,ILS,-4.0,ILS,Subscriptions,,,Anna,
25.8.2023,-151.0,ILS,-151.0,ILS,Eating out,Food delivery,,Anna,
26.8.2023,-20.0,ILS,-20.0,ILS,Leisure,Videogames,,Anna,
26.8.2023,-16.4,ILS,-16.4,ILS,Groceries,,,Anna,
27.8.2023,-42.0,ILS,-42.0,ILS,Transport,Public transport,,Anna,
27.8.2023,-33.0,ILS,-33.0,ILS,Groceries,,,Anna,
29.8.2023,-5.5,ILS,-5.5,ILS,Transport,Public transport,,Anna,
29.8.2023,-5.5,ILS,-5.5,ILS,Transport,Public transport,,Anna,
29.8.2023,-41.0,ILS,-41.0,ILS,Groceries,,,Anna,
31.8.2023,-208.4,ILS,-208.4,ILS,Groceries,,,Anna,
31.8.2023,2073.0,ILS,2073.0,ILS,Salary,Salary,,Anna,
1.9.2023,-32.0,ILS,-32.0,ILS,Subscriptions,,,Anna,
1.9.2023,-18.98,ILS,-5.0,USD,Subscriptions,,,Anna,
1.9.2023,-5.5,ILS,-5.5,ILS,Transport,Public transport,,Anna,
1.9.2023,-125.0,ILS,-125.0,ILS,Gifts,,,Anna,
1.9.2023,-146.0,ILS,-146.0,ILS,Eating out,Food delivery,,Anna,
2.9.2023,-2.07,ILS,-2.07,ILS,Etsy,Commissions,,Anna,
3.9.2023,-177.0,ILS,-177.0,ILS,Hygiene,,,Anna,
3.9.2023,-165.0,ILS,-165.0,ILS,Hygiene,,,Anna,
3.9.2023,-112.0,ILS,-112.0,ILS,Health,Medical services,,Anna,
5.9.2023,823.2,ILS,823.2,ILS,Salary,Salary,,Anna,
5.9.2023,-5.5,ILS,-5.5,ILS,Transport,Public transport,,Anna,
5.9.2023,-26.0,ILS,-26.0,ILS,Eating out,Coffee,,Anna,
5.9.2023,-5.5,ILS,-5.5,ILS,Transport,Public transport,,Anna,
6.9.2023,-51.0,ILS,-51.0,ILS,Charity,,,Anna,
7.9.2023,-20.0,ILS,-20.0,ILS,Subscriptions,,,Anna,
7.9.2023,-5.5,ILS,-5.5,ILS,Transport,Public transport,,Anna,
7.9.2023,-60.0,ILS,-60.0,ILS,Leisure,Books,,Anna,
7.9.2023,-89.4,ILS,-89.4,ILS,Transport,Taxi,,Anna,
9.9.2023,-4000.0,ILS,-4000.0,ILS,House,Rent,,Anna,
9.9.2023,-111.0,ILS,-111.0,ILS,Eating out,Food delivery,,Anna,
10.9.2023,-188.0,ILS,-188.0,ILS,Health,Insurance,,Anna,
11.9.2023,-200.0,ILS,-200.0,ILS,Gifts,,,Anna,
12.9.2023,-57.11,ILS,-15.0,USD,Subscriptions,,,Anna,
12.9.2023,-23.0,ILS,-23.0,ILS,Hygiene,,,Anna,
12.9.2023,-10.0,ILS,-10.0,ILS,Leisure,Hobbies,,Anna,
12.9.2023,3016.51,ILS,3016.51,ILS,Salary,Salary,,Anna,
13.9.2023,-116.0,ILS,-116.0,ILS,Groceries,,,Anna,
14.9.2023,-757.0,ILS,-757.0,ILS,Subscriptions,,,Anna,
14.9.2023,-5.5,ILS,-5.5,ILS,Transport,Public transport,,Anna,
14.9.2023,-5.5,ILS,-5.5,ILS,Transport,Public transport,,Anna,
15.9.2023,-135.0,ILS,-135.0,ILS,Eating out,Food delivery,,Anna,
16.9.2023,-44.0,ILS,-44.0,ILS,Leisure,Museums,,Anna,
17.9.2023,-262.0,ILS,-262.0,ILS,Eating out,Food delivery,,Anna,
17.9.2023,500.0,ILS,500.0,ILS,Gifts,,,Anna,
17.9.2023,50.0,ILS,50.0,ILS,Other,,,Anna,
18.9.2023,-130.0,ILS,-130.0,ILS,Auto,Gas,,Anna,
18.9.2023,-402.0,ILS,-402.0,ILS,Gifts,,,Anna,
18.9.2023,-49.0,ILS,-49.0,ILS,Eating out,Coffee,,Anna,
18.9.2023,-20.0,ILS,-20.0,ILS,Eating out,Fast food,,Anna,
19.9.2023,-80.0,ILS,-80.0,ILS,Transport,Taxi,,Anna,
19.9.2023,-34.0,ILS,-34.0,ILS,Groceries,,,Anna,
19.9.2023,-24.0,ILS,-24.0,ILS,Groceries,,,Anna,
19.9.2023,1840.0,ILS,1840.0,ILS,Salary,Salary,,Anna,
19.9.2023,-50.0,ILS,-50.0,ILS,Transport,Public transport,,Anna,
21.9.2023,-93.0,ILS,-93.0,ILS,Groceries,,,Anna,
21.9.2023,-8.0,ILS,-8.0,ILS,Groceries,,,Anna,
21.9.2023,-115.0,ILS,-115.0,ILS,Eating out,Food delivery,,Anna,
22.9.2023,-170.0,ILS,-170.0,ILS,Beauty,Beauty salon,,Anna,
22.9.2023,-13.0,ILS,-13.0,ILS,Hygiene,,,Anna,
23.9.2023,-109.34,ILS,-109.34,ILS,Health,Medical services,,Anna,
25.9.2023,-4.0,ILS,-4.0,ILS,Subscriptions,,,Anna,
26.9.2023,-5.5,ILS,-5.5,ILS,Transport,Public transport,,Anna,
26.9.2023,-15.0,ILS,-15.0,ILS,Other,,,Anna,
26.9.2023,2004.0,ILS,2004.0,ILS,Salary,Salary,,Anna,
26.9.2023,-5.5,ILS,-5.5,ILS,Transport,Public transport,,Anna,
26.9.2023,-200.0,ILS,-200.0,ILS,Savings,,,Anna,
26.9.2023,-131.0,ILS,-131.0,ILS,Eating out,Food delivery,,Anna,
26.9.2023,-73.0,ILS,-73.0,ILS,Clothes,Accesories,,Anna,
27.9.2023,-18.0,ILS,-18.0,ILS,Transport,Public transport,,Anna,
27.9.2023,-42.0,ILS,-42.0,ILS,Eating out,Lunch,,Anna,
28.9.2023,-5.5,ILS,-5.5,ILS,Transport,Public transport,,Anna,
28.9.2023,-250.0,ILS,-250.0,ILS,Gifts,,,Anna,
28.9.2023,-73.0,ILS,-73.0,ILS,Transport,Taxi,,Anna,
28.9.2023,-12.0,ILS,-12.0,ILS,Transport,Taxi,,Anna,
28.9.2023,-70.0,ILS,-70.0,ILS,Transport,Taxi,,Anna,
28.9.2023,25.0,ILS,25.0,ILS,Part-time job,,,Anna,
29.9.2023,-138.0,ILS,-138.0,ILS,Eating out,Food delivery,,Anna,
30.9.2023,-165.0,ILS,-165.0,ILS,Eating out,Food delivery,,Anna,
1.10.2023,-32.0,ILS,-32.0,ILS,Subscriptions,,,Anna,
1.10.2023,-19.05,ILS,-5.0,USD,Subscriptions,,,Anna,
1.10.2023,-42.0,ILS,-42.0,ILS,Transport,Public transport,,Anna,
1.10.2023,-6.0,ILS,-6.0,ILS,Groceries,,,Anna,
1.10.2023,-17.0,ILS,-17.0,ILS,Groceries,,,Anna,
2.10.2023,-376.0,ILS,-376.0,ILS,Leisure,"Cinema, theater, concerts",,Anna,
3.10.2023,-10.0,ILS,-10.0,ILS,Leisure,Books,,Anna,
4.10.2023,2082.0,ILS,2082.0,ILS,Salary,Salary,,Anna,
4.10.2023,-200.0,ILS,-200.0,ILS,Savings,,,Anna,
5.10.2023,-192.0,ILS,-192.0,ILS,Eating out,Food delivery,,Anna,
6.10.2023,-194.0,ILS,-194.0,ILS,Transport,Taxi,,Anna,
7.10.2023,-20.0,ILS,-20.0,ILS,Subscriptions,,,Anna,
8.10.2023,-110.0,ILS,-110.0,ILS,Health,Medical services,,Anna,
8.10.2023,-247.0,ILS,-247.0,ILS,Eating out,Food delivery,,Anna,
8.10.2023,-50.0,ILS,-50.0,ILS,Charity,,,Anna,
9.10.2023,-4000.0,ILS,-4000.0,ILS,House,Rent,,Anna,
10.10.2023,-188.0,ILS,-188.0,ILS,Health,Insurance,,Anna,
10.10.2023,3263.0,ILS,3263.0,ILS,Salary,Salary,,Anna,
10.10.2023,-328.0,ILS,-328.0,ILS,Groceries,,,Anna,
12.10.2023,-59.54,ILS,-15.0,USD,Subscriptions,,,Anna,
13.10.2023,-132.0,ILS,-132.0,ILS,Other,,,Anna,
13.10.2023,-189.0,ILS,-189.0,ILS,Eating out,Food delivery,,Anna,
15.10.2023,-127.0,ILS,-127.0,ILS,Eating out,Food delivery,,Anna,
17.10.2023,2821.0,ILS,2821.0,ILS,Salary,Salary,,Anna,
17.10.2023,-200.0,ILS,-200.0,ILS,Savings,,,Anna,
17.10.2023,-100.0,ILS,-100.0,ILS,Charity,,,Anna,
18.10.2023,-399.0,ILS,-399.0,ILS,Gifts,,,Anna,
18.10.2023,-219.0,ILS,-219.0,ILS,Groceries,,,Anna,
19.10.2023,-126.0,ILS,-126.0,ILS,Eating out,Food delivery,,Anna,
19.10.2023,-160.0,ILS,-160.0,ILS,Eating out,Food delivery,,Anna,
20.10.2023,-9.0,ILS,-9.0,ILS,Groceries,,,Anna,
23.10.2023,-121.0,ILS,-121.0,ILS,Eating out,Food delivery,,Anna,
23.10.2023,-20.0,ILS,-20.0,ILS,Subscriptions,,,Anna,
24.10.2023,4031.0,ILS,4031.0,ILS,Salary,Salary,,Anna,
24.10.2023,-400.0,ILS,-400.0,ILS,Savings,,,Anna,
24.10.2023,-100.0,ILS,-100.0,ILS,Charity,,,Anna,
25.10.2023,-4.0,ILS,-4.0,ILS,Subscriptions,,,Anna,
26.10.2023,-990.0,ILS,-990.0,ILS,Beauty,Cosmetics,,Anna,
27.10.2023,-408.0,ILS,-408.0,ILS,Gifts,,,Anna,
27.10.2023,-221.0,ILS,-221.0,ILS,Eating out,Food delivery,,Anna,
30.10.2023,-183.0,ILS,-183.0,ILS,Eating out,Food delivery,,Anna,
1.11.2023,-32.0,ILS,-32.0,ILS,Subscriptions,,,Anna,
1.11.2023,-40.14,ILS,-10.0,USD,Subscriptions,,,Anna,
2.11.2023,3709.0,ILS,3709.0,ILS,Salary,Salary,,Anna,
2.11.2023,-400.0,ILS,-400.0,ILS,Savings,,,Anna,
2.11.2023,-100.0,ILS,-100.0,ILS,Charity,,,Anna,
2.11.2023,-10.0,ILS,-10.0,ILS,Leisure,Books,,Anna,
3.11.2023,-155.0,ILS,-155.0,ILS,Eating out,Food delivery,,Anna,
5.11.2023,-115.0,ILS,-115.0,ILS,Health,Medical services,,Anna,
7.11.2023,-20.0,ILS,-20.0,ILS,Subscriptions,,,Anna,
7.11.2023,-224.0,ILS,-224.0,ILS,Clothes,Adult,,Anna,
7.11.2023,-85.0,ILS,-85.0,ILS,Clothes,Accesories,,Anna,
7.11.2023,-25.0,ILS,-25.0,ILS,Gifts,,,Anna,
8.11.2023,3662.0,ILS,3662.0,ILS,Salary,Salary,,Anna,
8.11.2023,-1100.0,ILS,-1100.0,ILS,Savings,,,Anna,
8.11.2023,-100.0,ILS,-100.0,ILS,Charity,,,Anna,
9.11.2023,-4000.0,ILS,-4000.0,ILS,House,Rent,,Anna,
9.11.2023,-15.0,ILS,-15.0,ILS,Leisure,Books,,Anna,
10.11.2023,-188.0,ILS,-188.0,ILS,Health,Insurance,,Anna,
10.11.2023,-106.0,ILS,-106.0,ILS,Transport,Taxi,,Anna,
10.11.2023,-248.0,ILS,-248.0,ILS,Eating out,Food delivery,,Anna,
10.11.2023,-64.0,ILS,-64.0,ILS,Leisure,Videogames,,Anna,
11.11.2023,-182.0,ILS,-182.0,ILS,Eating out,Food delivery,,Anna,
11.11.2023,-33.0,ILS,-33.0,ILS,Leisure,Books,,Anna,
11.11.2023,-15.0,ILS,-15.0,ILS,Leisure,Books,,Anna,
12.11.2023,-58.06,ILS,-15.0,USD,Subscriptions,,,Anna,
14.11.2023,-5.0,ILS,-5.0,ILS,Groceries,,,Anna,
15.11.2023,3579.0,ILS,3579.0,ILS,Salary,Salary,,Anna,
15.11.2023,-500.0,ILS,-500.0,ILS,Savings,,,Anna,
15.11.2023,-100.0,ILS,-100.0,ILS,Charity,,,Anna,
15.11.2023,-37.1,ILS,-37.1,ILS,Health,Pharmacy,,Anna,
15.11.2023,-172.0,ILS,-172.0,ILS,Other,,,Anna,
16.11.2023,-69.0,ILS,-69.0,ILS,Groceries,,,Anna,
16.11.2023,-155.0,ILS,-155.0,ILS,Eating out,Lunch,,Anna,
16.11.2023,-153.0,ILS,-153.0,ILS,Eating out,Food delivery,,Anna,
17.11.2023,-306.0,ILS,-306.0,ILS,Gifts,,,Anna,
17.11.2023,-122.5,ILS,-122.5,ILS,Gifts,,,Anna,
18.11.2023,-399.0,ILS,-399.0,ILS,Gifts,,,Anna,
21.11.2023,-94.0,ILS,-94.0,ILS,Eating out,Food delivery,,Anna,
21.11.2023,3556.0,ILS,3556.0,ILS,Salary,Salary,,Anna,
22.11.2023,-2292.0,ILS,-2292.0,ILS,Appliances,Electronics,,Anna,
22.11.2023,-2000.0,ILS,-2000.0,ILS,Savings,,,Anna,
22.11.2023,-169.0,ILS,-169.0,ILS,Groceries,,,Anna,
23.11.2023,-64.0,ILS,-64.0,ILS,Gifts,,,Anna,
23.11.2023,-137.0,ILS,-137.0,ILS,Eating out,Food delivery,,Anna,
25.11.2023,-4.0,ILS,-4.0,ILS,Subscriptions,,,Anna,
25.11.2023,-260.0,ILS,-260.0,ILS,Eating out,Food delivery,,Anna,
26.11.2023,-24.0,ILS,-24.0,ILS,Beauty,Cosmetics,,Anna,
26.11.2023,-1459.0,ILS,-1459.0,ILS,Health,Inventory,,Anna,
26.11.2023,-52.0,ILS,-52.0,ILS,Gifts,,,Anna,
26.11.2023,-50.0,ILS,-50.0,ILS,Other,,,Anna,
28.11.2023,-151.0,ILS,-151.0,ILS,Eating out,Food delivery,,Anna,
29.11.2023,3499.33,ILS,3499.33,ILS,Salary,Salary,,Anna,
29.11.2023,-250.0,ILS,-250.0,ILS,Business services,,,Anna,
29.11.2023,-1000.0,ILS,-1000.0,ILS,Savings,,,Anna,
29.11.2023,-571.0,ILS,-571.0,ILS,Clothes,Adult,,Anna,
30.11.2023,-47.0,ILS,-47.0,ILS,Other,,,Anna,
30.11.2023,-217.0,ILS,-217.0,ILS,Eating out,Food delivery,,Anna,
1.12.2023,-32.0,ILS,-32.0,ILS,Subscriptions,,,Anna,
1.12.2023,-37.17,ILS,-10.0,USD,Subscriptions,,,Anna,
2.12.2023,-111.0,ILS,-111.0,ILS,Health,Medical services,,Anna,
2.12.2023,-113.0,ILS,-113.0,ILS,Eating out,Food delivery,,Anna,
2.12.2023,-200.0,ILS,-200.0,ILS,Charity,,,Anna,
3.12.2023,-5.5,ILS,-5.5,ILS,Transport,Public transport,,Anna,
3.12.2023,-250.0,ILS,-250.0,ILS,Pets,Veterinary,,Anna,
3.12.2023,-956.0,ILS,-956.0,ILS,House,,,Anna,
3.12.2023,-85.0,ILS,-85.0,ILS,Transport,Taxi,,Anna,
3.12.2023,-84.0,ILS,-84.0,ILS,Transport,Taxi,,Anna,
3.12.2023,-35.0,ILS,-35.0,ILS,Leisure,Videogames,,Anna,
4.12.2023,-350.0,ILS,-350.0,ILS,Health,Medical services,,Anna,
5.12.2023,-125.0,ILS,-125.0,ILS,Business services,,,Anna,
5.12.2023,-147.0,ILS,-147.0,ILS,State,Taxes,,Anna,
5.12.2023,3675.0,ILS,3675.0,ILS,Salary,Salary,,Anna,
5.12.2023,-100.0,ILS,-100.0,ILS,Charity,,,Anna,
6.12.2023,-21.0,ILS,-21.0,ILS,Groceries,,,Anna,
6.12.2023,-39.0,ILS,-39.0,ILS,Groceries,,,Anna,
7.12.2023,-20.0,ILS,-20.0,ILS,Subscriptions,,,Anna,
7.12.2023,-200.0,ILS,-200.0,ILS,Gifts,,,Anna,
8.12.2023,-5.5,ILS,-5.5,ILS,Transport,Public transport,,Anna,
8.12.2023,-180.0,ILS,-180.0,ILS,Clothes,Accesories,,Anna,
8.12.2023,-5.5,ILS,-5.5,ILS,Transport,Public transport,,Anna,
8.12.2023,-212.0,ILS,-212.0,ILS,Eating out,Food delivery,,Anna,
9.12.2023,-4000.0,ILS,-4000.0,ILS,House,Rent,,Anna,
10.12.2023,-188.0,ILS,-188.0,ILS,Health,Insurance,,Anna,
10.12.2023,-125.0,ILS,-125.0,ILS,Eating out,Food delivery,,Anna,
10.12.2023,-68.5,ILS,-68.5,ILS,Health,Pharmacy,,Anna,
11.12.2023,-177.0,ILS,-177.0,ILS,State,Taxes,,Anna,
11.12.2023,-195.0,ILS,-195.0,ILS,Groceries,,,Anna,
12.12.2023,-100.0,ILS,-100.0,ILS,Gifts,,,Anna,
12.12.2023,3451.66,ILS,3451.66,ILS,Salary,Salary,,Anna,
12.12.2023,-67.0,ILS,-67.0,ILS,Eating out,Food delivery,,Anna,
12.12.2023,-243.0,ILS,-243.0,ILS,Eating out,Food delivery,,Anna,
13.12.2023,-30.0,ILS,-30.0,ILS,Health,Pharmacy,,Anna,
13.12.2023,-300.0,ILS,-300.0,ILS,Health,Medical services,,Anna,
14.12.2023,-68.67,ILS,-68.67,ILS,Groceries,,,Anna,
14.12.2023,-210.0,ILS,-210.0,ILS,Other,,,Anna,
14.12.2023,-144.0,ILS,-144.0,ILS,Beauty,Cosmetics,,Anna,
15.12.2023,-95.0,ILS,-95.0,ILS,Transport,Taxi,,Anna,
17.12.2023,-181.0,ILS,-181.0,ILS,Groceries,,,Anna,
17.12.2023,-117.0,ILS,-117.0,ILS,Eating out,Food delivery,,Anna,
18.12.2023,-399.0,ILS,-399.0,ILS,Gifts,,,Anna,
18.12.2023,-5.5,ILS,-5.5,ILS,Transport,Public transport,,Anna,
18.12.2023,-52.0,ILS,-52.0,ILS,Groceries,,,Anna,
19.12.2023,3897.73,ILS,3897.73,ILS,Salary,Salary,,Anna,
19.12.2023,-120.0,ILS,-120.0,ILS,Health,Sport,,Anna,
20.12.2023,-118.0,ILS,-118.0,ILS,Eating out,Food delivery,,Anna,
21.12.2023,-138.0,ILS,-138.0,ILS,Eating out,Food delivery,,Anna,
21.12.2023,-177.65,ILS,-177.65,ILS,Groceries,,,Anna,
21.12.2023,-16.0,ILS,-16.0,ILS,Groceries,,,Anna,
22.12.2023,-2290.0,ILS,-2290.0,ILS,Appliances,Electronics,,Anna,
22.12.2023,-5.5,ILS,-5.5,ILS,Transport,Public transport,,Anna,
22.12.2023,-283.5,ILS,-283.5,ILS,Leisure,Books,,Anna,
22.12.2023,-15.0,ILS,-15.0,ILS,Groceries,,,Anna,
22.12.2023,-37.08,ILS,-37.08,ILS,Health,Pharmacy,,Anna,
22.12.2023,-5.5,ILS,-5.5,ILS,Transport,Public transport,,Anna,
23.12.2023,-107.63,ILS,-107.63,ILS,Health,Medical services,,Anna,
24.12.2023,-132.0,ILS,-132.0,ILS,Eating out,Food delivery,,Anna,
24.12.2023,-100.0,ILS,-100.0,ILS,Groceries,,,Anna,
25.12.2023,-4.0,ILS,-4.0,ILS,Subscriptions,,,Anna,
26.12.2023,587.1,ILS,587.1,ILS,Refund,,,Anna,
26.12.2023,-5.5,ILS,-5.5,ILS,Transport,Public transport,,Anna,
26.12.2023,-93.0,ILS,-93.0,ILS,Eating out,Food delivery,,Anna,
26.12.2023,3581.43,ILS,3581.43,ILS,Salary,Salary,,Anna,
26.12.2023,-500.0,ILS,-500.0,ILS,Savings,,,Anna,
27.12.2023,-354.0,ILS,-354.0,ILS,Gifts,,,Anna,
27.12.2023,-156.0,ILS,-156.0,ILS,Hygiene,,,Anna,
28.12.2023,-75.0,ILS,-75.0,ILS,Gifts,,,Anna,
28.12.2023,-94.0,ILS,-94.0,ILS,Eating out,Food delivery,,Anna,
29.12.2023,-25.0,ILS,-25.0,ILS,Health,Pharmacy,,Anna,
29.12.2023,-35.5,ILS,-35.5,ILS,Groceries,,,Anna,
29.12.2023,-50.0,ILS,-50.0,ILS,Charity,,,Anna,
29.12.2023,-200.0,ILS,-200.0,ILS,Gifts,,,Anna,
31.12.2023,-1500.0,ILS,-1500.0,ILS,Savings,,,Anna,
31.12.2023,-22.0,ILS,-22.0,ILS,Groceries,,,Anna,
31.12.2023,-14.0,ILS,-14.0,ILS,Groceries,,,Anna,
31.12.2023,-19.0,ILS,-19.0,ILS,Groceries,,,Anna,
31.12.2023,-95.0,ILS,-95.0,ILS,Eating out,Food delivery,,Anna,
